BgYkof,lXJaOd,UqrZme,LtjZ2d,LtjZ2d 2,LtjZ2d 3,LtjZ2d 4,LtjZ2d 5,LtjZ2d 6,LtjZ2d 7,M9PkR src,LtjZ2d 8,,
,,,,,,,,,,,,,
,,,,,,,,,,,,,
"Club Mahindra Resort - Mussoorie, Uttarakhand",Location · Service · Property,"Amenities for Club Mahindra Resort - Mussoorie, Uttarakhand, a 4-star hotel.: Breakfast, Free Wi-Fi, Air conditioning, Restaurant, Kitchen in some rooms, Full-service laundry, Child-friendly,",4-star hotel,Breakfast,Free Wi-Fi,Air conditioning,Restaurant,Kitchen in some rooms,Full-service laundry,Child-friendly,,,
Zostel Mussoorie (Mall Road),Nightlife · Service · Property,"Amenities for Zostel Mussoorie (Mall Road): Free Wi-Fi, Parking ($), Breakfast, Restaurant, Kitchen in some rooms, Full-service laundry,",,Free Wi-Fi,Parking ($),Breakfast,Restaurant,Kitchen in some rooms,Full-service laundry,,"₹1,624",,
Mango Tree Courtyard Mussoorie,Service · Location · Breakfast,"Amenities for Mango Tree Courtyard Mussoorie: Free breakfast, Free Wi-Fi, Free parking, Pet-friendly, Restaurant, Room service, Kitchen in some rooms, Full-service laundry, Child-friendly,",,Free breakfast,Free Wi-Fi,Free parking,Pet-friendly,Restaurant,Room service,Kitchen in some rooms,"₹4,315",Full-service laundry,Child-friendly
Set your dates to update prices,,,,,,,,,,,,,
"The Hosteller Mussoorie, Mall Road",Service · Location · Property,"Amenities for The Hosteller Mussoorie, Mall Road, a 3-star hotel.: Breakfast ($), Free Wi-Fi, Pet-friendly, Parking, Restaurant, Airport shuttle,",3-star hotel,Breakfast ($),Free Wi-Fi,Pet-friendly,Parking,Restaurant,Airport shuttle,,,,
Hotel Skylark by Gabrian Hotels,Service · Property · Location,"Amenities for Hotel Skylark by Gabrian Hotels, a 3-star hotel.: Breakfast ($), Free Wi-Fi, Free parking, Restaurant, Room service, Full-service laundry, Accessible, Child-friendly,",3-star hotel,Breakfast ($),Free Wi-Fi,Free parking,Restaurant,Room service,Full-service laundry,Accessible,,Child-friendly,
Hotel Highland by DLS Hotels,Service · Dining · Property,"Amenities for Hotel Highland by DLS Hotels, a 4-star hotel.: Free breakfast, Free Wi-Fi, Parking, Restaurant, Room service, Kitchen in rooms, Airport shuttle, Full-service laundry,",4-star hotel,Free breakfast,Free Wi-Fi,Parking,Restaurant,Room service,Kitchen in rooms,Airport shuttle,"₹6,615",Full-service laundry,
"Shiva Continental, Mussoorie",Service · Location · Breakfast,"Amenities for Shiva Continental, Mussoorie, a 3-star hotel.: Breakfast ($), Free Wi-Fi, Free parking, Restaurant, Room service, Kitchen in some rooms, Full-service laundry,",3-star hotel,Breakfast ($),Free Wi-Fi,Free parking,Restaurant,Room service,Kitchen in some rooms,Full-service laundry,"₹4,355",,
Renest Dunsvirk Court Mussoorie,Service · Location · Property,"Amenities for Renest Dunsvirk Court Mussoorie, a 4-star hotel.: Free breakfast, Free Wi-Fi, Parking, Air conditioning, Fitness centre, Spa, Bar, Restaurant,",4-star hotel,Free breakfast,Free Wi-Fi,Parking,Air conditioning,Fitness centre,Spa,Bar,"₹8,856",Restaurant,
"Hotel Green Castle, Mall road, Mussoorie",Service · Location · Property,"Amenities for Hotel Green Castle, Mall road, Mussoorie, a 4-star hotel.: Free breakfast, Free Wi-Fi, Free parking, Spa, Restaurant, Room service, Full-service laundry, Accessible,",4-star hotel,Free breakfast,Free Wi-Fi,Free parking,Spa,Restaurant,Room service,Full-service laundry,"₹7,313",Accessible,
"Welcomhotel By ITC Hotels, The Savoy, Mussoorie",Property · Service · Dining,"Amenities for Welcomhotel By ITC Hotels, The Savoy, Mussoorie, a 5-star hotel.: Free breakfast, Wi-Fi, Free parking, Pool, Air conditioning, Fitness centre, Spa, Bar,",5-star hotel,Free breakfast,Wi-Fi,Free parking,Pool,Air conditioning,Fitness centre,Spa,"₹41,300",Bar,
Hotel Crystal Palace Mussoorie,Service · Dining · Property,"Amenities for Hotel Crystal Palace Mussoorie, a 3-star hotel.: Breakfast ($), Free Wi-Fi, Free parking, Hot tub, Air conditioning, Pet-friendly, Fitness centre, Restaurant,",3-star hotel,Breakfast ($),Free Wi-Fi,Free parking,Hot tub,Air conditioning,Pet-friendly,Fitness centre,"₹3,616",Restaurant,
Hotel Wild Wood by Ginseng Hotels,Service · Location · Property,"Amenities for Hotel Wild Wood by Ginseng Hotels: Breakfast ($), Free Wi-Fi, Free parking, Restaurant, Room service, Airport shuttle, Full-service laundry, Business centre,",,Breakfast ($),Free Wi-Fi,Free parking,Restaurant,Room service,Airport shuttle,Full-service laundry,,Business centre,
Echor Baris Resort Mussoorie,Service · Property · Dining,"Amenities for Echor Baris Resort Mussoorie: Breakfast ($), Free Wi-Fi, Free parking, Air conditioning, Restaurant, Room service, Airport shuttle, Full-service laundry, Accessible,",,Breakfast ($),Free Wi-Fi,Free parking,Air conditioning,Restaurant,Room service,Airport shuttle,,Full-service laundry,Accessible
"Tree of Life Highlands, Mussoorie",Pets · Service · Dining,"Amenities for Tree of Life Highlands, Mussoorie, a 4-star hotel.: Free breakfast, Free Wi-Fi, Free parking, Pet-friendly, Restaurant, Room service, Kitchen in some rooms, Airport shuttle,",4-star hotel,Free breakfast,Free Wi-Fi,Free parking,Pet-friendly,Restaurant,Room service,Kitchen in some rooms,"₹9,251",Airport shuttle,
Ramada By Wyndham Mussoorie Mall Road,Service · Dining · Property,"Amenities for Ramada By Wyndham Mussoorie Mall Road, a 4-star hotel.: Free breakfast, Free Wi-Fi, Free parking, Pool, Air conditioning, Fitness centre, Spa, Bar,",4-star hotel,Free breakfast,Free Wi-Fi,Free parking,Pool,Air conditioning,Fitness centre,Spa,,Bar,
HOTEL SAMRAT - ON MALL ROAD,Room · Location · Property,"Amenities for HOTEL SAMRAT - ON MALL ROAD: Breakfast, Free Wi-Fi, Parking, Air conditioning, Pet-friendly, Restaurant, Room service, Kitchen in some rooms, Full-service laundry,",,Breakfast,Free Wi-Fi,Parking,Air conditioning,Pet-friendly,Restaurant,Room service,"₹1,049",Kitchen in some rooms,Full-service laundry
CEYONE - Classic Fall Resort,Service · Dining · Property,"Amenities for CEYONE - Classic Fall Resort, a 3-star hotel.: Breakfast ($), Free Wi-Fi, Free parking, Outdoor pool, Restaurant, Room service, Airport shuttle, Full-service laundry,",3-star hotel,Breakfast ($),Free Wi-Fi,Free parking,Outdoor pool,Restaurant,Room service,Airport shuttle,,Full-service laundry,
goSTOPS Mussoorie Picture Palace,Bathroom · Sleep,"Amenities for goSTOPS Mussoorie Picture Palace: Breakfast ($), Free Wi-Fi, Free parking, Air conditioning, Pet-friendly, Restaurant, Kitchen in some rooms, Airport shuttle, Full-service laundry,",,Breakfast ($),Free Wi-Fi,Free parking,Air conditioning,Pet-friendly,Restaurant,Kitchen in some rooms,,Airport shuttle,Full-service laundry
Majestic Himalayan View Rooms in delightful Mussoorie and amazing food,,"Amenities for Majestic Himalayan View Rooms in delightful Mussoorie and amazing food: House, Sleeps 2, 1 bedroom, 1 bathroom, 1 bed, Ironing board, Kitchen, No parking, No Wi-Fi,",,House,Sleeps 2,1 bedroom,1 bathroom,1 bed,Ironing board,Kitchen,"₹5,098",No parking,No Wi-Fi
Jungle Jostel Homestay,,"Amenities for Jungle Jostel Homestay: House, Sleeps 4, 2 bedrooms, 2 bathrooms, 2 beds, Child-friendly, Ironing board, Smoke-free, No airport shuttle,",,House,Sleeps 4,2 bedrooms,2 bathrooms,2 beds,Child-friendly,Ironing board,"₹1,997",Smoke-free,No airport shuttle
